menu_item_name,image_id
coca cola 200ml can,1
coca cola can 200 ml,1
coke 200ml tin,1
coca cola 200 ml tin,1
cocal cola 200ml can,1
coca-cola original 200ml,1
coke regular 200ml,1
coca cola mini can 200ml,1
aerated drink coke 200ml,1
soft drink coca cola 200ml,1
coca cola 200ml (can),1
coke can small 200ml,1
cola drink 200ml,1
coca cola fizzy 200ml,1
coke 200 ml can,1
coca cola tin 200ml,1
coke 200ml beverage,1
coca cola 0.2l can,1
coke 200ml single,1
coca cola can small,1
coca cola 200ml pack,1
coke tin 200 ml,1
coca cola classic 200ml,1
coke 200ml aerated,1
coca cola can 200ml new,1
coca cola 200ml chilled,1
coke 200ml cold,1
coca cola 200ml rtd,1
coke can 200ml tin,1
coca cola 200ml unit,1
coke 200ml soda,1
coca cola soda 200ml,1
coke 200ml carbonated,1
coca cola 200ml fizzy,1
coke 200ml drink,1
coca cola 200ml tin can,1
coke 200ml refreshing,1
coca cola 200ml sweet,1
coke 200ml bubbly,1
coca cola 200ml pop,1
pepsi 330ml bottle,2
pepsi bottle 330 ml,2
pepsi 330 ml pet,2
pepsi cola 330ml,2
pepsi 330ml btle,2
pepsi plastic bottle 330ml,2
pepsi 330ml drink,2
pepsi regular 330ml,2
pepsi cola 330ml pet,2
pepsi 330ml small bottle,2
pepsi 330ml beverage,2
pepsi bottle small 330ml,2
pepsi 330 ml bottle,2
pepsi 0.33l bottle,2
pepsi 330ml cold,2
pepsi 330ml fizz,2
pepsi 330ml aerated,2
pepsi 330ml soda,2
pepsi 330ml soft drink,2
pepsi 330ml carbonated,2
pepsi 330ml refreshment,2
pepsi 330ml single,2
pepsi 330ml pack,2
pepsi 330ml unit,2
pepsi 330ml chilled,2
pepsi 330ml new,2
pepsi 330ml classic,2
pepsi 330ml original,2
pepsi 330ml sweet,2
pepsi 330ml bubbly,2
pepsi 330ml pop,2
pepsi 330ml pet bottle,2
pepsi 330ml plastic,2
pepsi 330ml handy,2
pepsi 330ml on the go,2
pepsi 330ml travel,2
pepsi 330ml mini,2
pepsi 330ml pocket,2
pepsi 330ml personal,2
pepsi 330ml individual,2
sprite 500ml bottle,3
sprite bottle 500 ml,3
sprite 500 ml pet,3
sprite 500ml drink,3
sprte 500ml bottle,3
sprite lemon lime 500ml,3
sprite clear 500ml,3
sprite 500ml plastic,3
sprite 500ml beverage,3
sprite 500ml soda,3
sprite 500ml soft drink,3
sprite 500ml carbonated,3
sprite 500ml refreshment,3
sprite 500ml single,3
sprite 500ml pack,3
sprite 500ml unit,3
sprite 500ml chilled,3
sprite 500ml new,3
sprite 500ml classic,3
sprite 500ml original,3
sprite 500ml sweet,3
sprite 500ml bubbly,3
sprite 500ml pop,3
sprite 500ml pet bottle,3
sprite 500ml handy,3
sprite 500ml on the go,3
sprite 500ml travel,3
sprite 500ml mini,3
sprite 500ml pocket,3
sprite 500ml personal,3
sprite 500ml individual,3
sprite 0.5l bottle,3
sprite 500ml fizz,3
sprite 500ml aerated,3
sprite 500ml cold,3
sprite 500ml lime,3
sprite 500ml lemon,3
sprite 500ml citrus,3
sprite 500ml clear soda,3
sprite 500ml transparent,3
fanta 300ml can,4
fanta can 300 ml,4
fanta 300 ml tin,4
fanta orange 300ml,4
fnta 300ml can,4
fanta orange drink 300ml,4
fanta 300ml beverage,4
fanta 300ml soda,4
fanta 300ml soft drink,4
fanta 300ml carbonated,4
fanta 300ml refreshment,4
fanta 300ml single,4
fanta 300ml pack,4
fanta 300ml unit,4
fanta 300ml chilled,4
fanta 300ml new,4
fanta 300ml classic,4
fanta 300ml original,4
fanta 300ml sweet,4
fanta 300ml bubbly,4
fanta 300ml pop,4
fanta 300ml tin can,4
fanta 300ml metal,4
fanta 300ml handy,4
fanta 300ml on the go,4
fanta 300ml travel,4
fanta 300ml mini,4
fanta 300ml pocket,4
fanta 300ml personal,4
fanta 300ml individual,4
fanta 0.3l can,4
fanta 300ml fizz,4
fanta 300ml aerated,4
fanta 300ml cold,4
fanta 300ml orange soda,4
fanta 300ml citrus,4
fanta 300ml fruity,4
fanta 300ml tangy,4
fanta 300ml zest,4
fanta 300ml burst,4
mountain dew 250ml can,5
mountain dew can 250 ml,5
mt dew 250ml tin,5
mountain dew 250 ml,5
mountain dew 250ml cn,5
mtn dew 250ml can,5
mountain dew green 250ml,5
mountain dew 250ml beverage,5
mountain dew 250ml soda,5
mountain dew 250ml soft drink,5
mountain dew 250ml carbonated,5
mountain dew 250ml refreshment,5
mountain dew 250ml single,5
mountain dew 250ml pack,5
mountain dew 250ml unit,5
mountain dew 250ml chilled,5
mountain dew 250ml new,5
mountain dew 250ml classic,5
mountain dew 250ml original,5
mountain dew 250ml sweet,5
mountain dew 250ml bubbly,5
mountain dew 250ml pop,5
mountain dew 250ml tin can,5
mountain dew 250ml metal,5
mountain dew 250ml handy,5
mountain dew 250ml on the go,5
mountain dew 250ml travel,5
mountain dew 250ml mini,5
mountain dew 250ml pocket,5
mountain dew 250ml personal,5
mountain dew 250ml individual,5
mountain dew 0.25l can,5
mountain dew 250ml fizz,5
mountain dew 250ml aerated,5
mountain dew 250ml cold,5
mountain dew 250ml citrus,5
mountain dew 250ml energy,5
mountain dew 250ml kick,5
mountain dew 250ml charge,5
mountain dew 250ml boost,5
lays salted chips 50g,6
lays salt chips 50 g,6
lays classic 50g pack,6
lays 50 gram salted,6
lays 50g salted pkt,6
lays salted 50g packet,6
lays classic salted 50g,6
lays chips salted 50g,6
lays potato chips salted 50g,6
lays yellow 50g,6
lays salted wafer 50g,6
lays 50g salt,6
lays 50g classic,6
lays 50g yellow,6
lays 50g potato,6
lays 50g chips,6
lays 50g wafers,6
lays 50g snack,6
lays 50g pack,6
lays 50g bag,6
lays 50g pouch,6
lays 50g small,6
lays 50g rs10,6
lays 50g rs20,6
lays 50g standard,6
lays 50g regular,6
lays 50g original,6
lays 50g plain,6
lays 50g simple,6
lays 50g light,6
lays 50g crispy,6
lays 50g crunchy,6
lays 50g tasty,6
lays 50g yummy,6
lays 50g delicious,6
lays 50g savory,6
lays 50g salty,6
lays 50g munch,6
lays 50g bite,6
lays 50g treat,6
lays cream onion 50g,7
lays cream & onion 50 g,7
lays onion 50g pack,7
lays cream onion chips 50g,7
lays crm onion 50g,7
lays sour cream onion 50g,7
lays green 50g,7
lays cream and onion 50g,7
lays onion cream 50g,7
lays 50g cream onion,7
lays 50g green,7
lays 50g sour cream,7
lays 50g onion,7
lays 50g chips cream,7
lays 50g wafers cream,7
lays 50g snack cream,7
lays 50g pack cream,7
lays 50g bag cream,7
lays 50g pouch cream,7
lays 50g small cream,7
lays 50g rs10 cream,7
lays 50g rs20 cream,7
lays 50g standard cream,7
lays 50g regular cream,7
lays 50g original cream,7
lays 50g plain cream,7
lays 50g simple cream,7
lays 50g light cream,7
lays 50g crispy cream,7
lays 50g crunchy cream,7
lays 50g tasty cream,7
lays 50g yummy cream,7
lays 50g delicious cream,7
lays 50g savory cream,7
lays 50g salty cream,7
lays 50g munch cream,7
lays 50g bite cream,7
lays 50g treat cream,7
lays 50g flavor cream,7
lays 50g style cream,7
kurkure masala 90g,8
kurkure 90 g masala,8
kurkure masala munch 90g,8
kurkure 90gram masala,8
kurkure msla 90g,8
kurkure orange 90g,8
kurkure spicy 90g,8
kurkure masala pack 90g,8
kurkure 90g packet,8
kurkure 90g pouch,8
kurkure 90g bag,8
kurkure 90g snack,8
kurkure 90g namkeen,8
kurkure 90g tedhe medhe,8
kurkure 90g sticks,8
kurkure 90g crunchy,8
kurkure 90g spicy,8
kurkure 90g hot,8
kurkure 90g chili,8
kurkure 90g tangy,8
kurkure 90g chatpata,8
kurkure 90g indian,8
kurkure 90g flavor,8
kurkure 90g taste,8
kurkure 90g yummy,8
kurkure 90g delicious,8
kurkure 90g savory,8
kurkure 90g munch,8
kurkure 90g bite,8
kurkure 90g treat,8
kurkure 90g fun,8
kurkure 90g party,8
kurkure 90g family,8
kurkure 90g friends,8
kurkure 90g share,8
kurkure 90g big,8
kurkure 90g large,8
kurkure 90g jumbo,8
kurkure 90g giant,8
kurkure 90g mega,8
doritos nacho 100g,9
doritos 100 g nacho,9
doritos nachos 100g pack,9
doritos cheese 100g,9
doritos nacho 100gm,9
doritos red 100g,9
doritos cheese nacho 100g,9
doritos 100g packet,9
doritos 100g pouch,9
doritos 100g bag,9
doritos 100g snack,9
doritos 100g chips,9
doritos 100g tortilla,9
doritos 100g corn,9
doritos 100g mexican,9
doritos 100g spicy,9
doritos 100g hot,9
doritos 100g chili,9
doritos 100g tangy,9
doritos 100g cheesy,9
doritos 100g flavor,9
doritos 100g taste,9
doritos 100g yummy,9
doritos 100g delicious,9
doritos 100g savory,9
doritos 100g munch,9
doritos 100g bite,9
doritos 100g treat,9
doritos 100g fun,9
doritos 100g party,9
doritos 100g family,9
doritos 100g friends,9
doritos 100g share,9
doritos 100g big,9
doritos 100g large,9
doritos 100g jumbo,9
doritos 100g giant,9
doritos 100g mega,9
doritos 100g pack,9
pringles original 110g,10
pringles 110 g original,10
pringles classic 110g,10
pringles original 110 gram,10
pringles orgnl 110g,10
pringles red 110g,10
pringles salted 110g,10
pringles 110g can,10
pringles 110g tube,10
pringles 110g box,10
pringles 110g snack,10
pringles 110g chips,10
pringles 110g potato,10
pringles 110g crisps,10
pringles 110g wafers,10
pringles 110g stack,10
pringles 110g crunchy,10
pringles 110g salty,10
pringles 110g savory,10
pringles 110g flavor,10
pringles 110g taste,10
pringles 110g yummy,10
pringles 110g delicious,10
pringles 110g munch,10
pringles 110g bite,10
pringles 110g treat,10
pringles 110g fun,10
pringles 110g party,10
pringles 110g family,10
pringles 110g friends,10
pringles 110g share,10
pringles 110g big,10
pringles 110g large,10
pringles 110g jumbo,10
pringles 110g giant,10
pringles 110g mega,10
pringles 110g pack,10
pringles 110g unit,10
pringles 110g imported,10
kitkat 4 finger 37g,11
kit kat 37 g 4 finger,11
kitkat chocolate 37g,11
kitkat 4f 37g,11
kitkat 37 gram,11
kitkat wafer 37g,11
kitkat red 37g,11
kitkat bar 37g,11
kitkat 37g pack,11
kitkat 37g packet,11
kitkat 37g wrapper,11
kitkat 37g snack,11
kitkat 37g candy,11
kitkat 37g sweet,11
kitkat 37g treat,11
kitkat 37g dessert,11
kitkat 37g cocoa,11
kitkat 37g milk,11
kitkat 37g crispy,11
kitkat 37g crunchy,11
kitkat 37g yummy,11
kitkat 37g delicious,11
kitkat 37g break,11
kitkat 37g snap,11
kitkat 37g share,11
kitkat 37g single,11
kitkat 37g individual,11
kitkat 37g personal,11
kitkat 37g small,11
kitkat 37g mini,11
kitkat 37g regular,11
kitkat 37g standard,11
kitkat 37g classic,11
kitkat 37g original,11
kitkat 37g nestle,11
kitkat 37g imported,11
kitkat 37g 4 fingers,11
kitkat 37g four finger,11
kitkat 37g big bar,11
dairy milk 50g bar,12
cadbury dairy milk 50 g,12
dairy milk chocolate 50g,12
dairy milk 50 gram bar,12
dairy mlk 50g,12
cadbury 50g bar,12
dairy milk silk 50g,12
dairy milk plain 50g,12
dairy milk milk 50g,12
dairy milk 50g pack,12
dairy milk 50g packet,12
dairy milk 50g wrapper,12
dairy milk 50g snack,12
dairy milk 50g candy,12
dairy milk 50g sweet,12
dairy milk 50g treat,12
dairy milk 50g dessert,12
dairy milk 50g cocoa,12
dairy milk 50g creamy,12
dairy milk 50g smooth,12
dairy milk 50g rich,12
dairy milk 50g yummy,12
dairy milk 50g delicious,12
dairy milk 50g joy,12
dairy milk 50g happiness,12
dairy milk 50g share,12
dairy milk 50g single,12
dairy milk 50g individual,12
dairy milk 50g personal,12
dairy milk 50g small,12
dairy milk 50g mini,12
dairy milk 50g regular,12
dairy milk 50g standard,12
dairy milk 50g classic,12
dairy milk 50g original,12
dairy milk 50g cadbury,12
dairy milk 50g imported,12
dairy milk 50g bar chocolate,12
dairy milk 50g slab,12
snickers 45g bar,13
snickers chocolate 45 g,13
snickers 45 gram,13
snickers bar 45g,13
snikers 45g,13
snickers peanut 45g,13
snickers caramel 45g,13
snickers nougat 45g,13
snickers 45g pack,13
snickers 45g packet,13
snickers 45g wrapper,13
snickers 45g snack,13
snickers 45g candy,13
snickers 45g sweet,13
snickers 45g treat,13
snickers 45g dessert,13
snickers 45g cocoa,13
snickers 45g milk,13
snickers 45g nutty,13
snickers 45g crunchy,13
snickers 45g yummy,13
snickers 45g delicious,13
snickers 45g energy,13
snickers 45g hunger,13
snickers 45g satisfy,13
snickers 45g share,13
snickers 45g single,13
snickers 45g individual,13
snickers 45g personal,13
snickers 45g small,13
snickers 45g mini,13
snickers 45g regular,13
snickers 45g standard,13
snickers 45g classic,13
snickers 45g original,13
snickers 45g mars,13
snickers 45g imported,13
snickers 45g bar chocolate,13
snickers 45g slab,13
mars chocolate 51g,14
mars 51 g bar,14
mars chocolate bar 51g,14
mars 51 gram,14
mars choc 51g,14
mars caramel 51g,14
mars nougat 51g,14
mars 51g pack,14
mars 51g packet,14
mars 51g wrapper,14
mars 51g snack,14
mars 51g candy,14
mars 51g sweet,14
mars 51g treat,14
mars 51g dessert,14
mars 51g cocoa,14
mars 51g milk,14
mars 51g creamy,14
mars 51g smooth,14
mars 51g rich,14
mars 51g yummy,14
mars 51g delicious,14
mars 51g energy,14
mars 51g hunger,14
mars 51g satisfy,14
mars 51g share,14
mars 51g single,14
mars 51g individual,14
mars 51g personal,14
mars 51g small,14
mars 51g mini,14
mars 51g regular,14
mars 51g standard,14
mars 51g classic,14
mars 51g original,14
mars 51g bar chocolate,14
mars 51g slab,14
mars 51g imported,14
mars 51g uk,14
twix 50g bar,15
twix chocolate 50 g,15
twix 50 gram,15
twix bar 50g,15
twx 50g,15
twix caramel 50g,15
twix biscuit 50g,15
twix cookie 50g,15
twix 50g pack,15
twix 50g packet,15
twix 50g wrapper,15
twix 50g snack,15
twix 50g candy,15
twix 50g sweet,15
twix 50g treat,15
twix 50g dessert,15
twix 50g cocoa,15
twix 50g milk,15
twix 50g crunchy,15
twix 50g crispy,15
twix 50g yummy,15
twix 50g delicious,15
twix 50g twin,15
twix 50g two,15
twix 50g double,15
twix 50g share,15
twix 50g single,15
twix 50g individual,15
twix 50g personal,15
twix 50g small,15
twix 50g mini,15
twix 50g regular,15
twix 50g standard,15
twix 50g classic,15
twix 50g original,15
twix 50g mars,15
twix 50g imported,15
twix 50g bar chocolate,15
twix 50g slab,15
bounty 57g bar,16
bounty 57 g chocolate,16
bounty coconut 57g,16
bounty bar 57 gram,16
bounty 57gm,16
bounty milk 57g,16
bounty dark 57g,16
bounty 57g pack,16
bounty 57g packet,16
bounty 57g wrapper,16
bounty 57g snack,16
bounty 57g candy,16
bounty 57g sweet,16
bounty 57g treat,16
bounty 57g dessert,16
bounty 57g cocoa,16
bounty 57g tropical,16
bounty 57g exotic,16
bounty 57g yummy,16
bounty 57g delicious,16
bounty 57g moist,16
bounty 57g soft,16
bounty 57g twin,16
bounty 57g two,16
bounty 57g double,16
bounty 57g share,16
bounty 57g single,16
bounty 57g individual,16
bounty 57g personal,16
bounty 57g small,16
bounty 57g mini,16
bounty 57g regular,16
bounty 57g standard,16
bounty 57g classic,16
bounty 57g original,16
bounty 57g mars,16
bounty 57g imported,16
bounty 57g bar chocolate,16
bounty 57g slab,16
oreo 120g pack,17
oreo biscuits 120 g,17
oreo 120 gram pkt,17
oreo cookie 120g,17
oreo 120gm,17
oreo original 120g,17
oreo vanilla 120g,17
oreo cream 120g,17
oreo 120g packet,17
oreo 120g pouch,17
oreo 120g bag,17
oreo 120g snack,17
oreo 120g sweet,17
oreo 120g treat,17
oreo 120g dessert,17
oreo 120g sandwich,17
oreo 120g crunchy,17
oreo 120g crispy,17
oreo 120g yummy,17
oreo 120g delicious,17
oreo 120g chocolate,17
oreo 120g milk,17
oreo 120g dunk,17
oreo 120g twist,17
oreo 120g lick,17
oreo 120g share,17
oreo 120g family,17
oreo 120g friends,17
oreo 120g big,17
oreo 120g large,17
oreo 120g jumbo,17
oreo 120g giant,17
oreo 120g mega,17
oreo 120g regular,17
oreo 120g standard,17
oreo 120g classic,17
oreo 120g imported,17
oreo 120g cadbury,17
oreo 120g kraft,17
good day biscuit 100g,18
goodday 100 g biscuit,18
good day cookies 100g,18
good day 100 gram,18
gooddy 100g biscuit,18
good day cashew 100g,18
good day butter 100g,18
good day pista 100g,18
good day 100g pack,18
good day 100g packet,18
good day 100g wrapper,18
good day 100g snack,18
good day 100g sweet,18
good day 100g treat,18
good day 100g dessert,18
good day 100g crunchy,18
good day 100g crispy,18
good day 100g yummy,18
good day 100g delicious,18
good day 100g rich,18
good day 100g royal,18
good day 100g britannia,18
good day 100g share,18
good day 100g family,18
good day 100g friends,18
good day 100g big,18
good day 100g large,18
good day 100g jumbo,18
good day 100g giant,18
good day 100g mega,18
good day 100g regular,18
good day 100g standard,18
good day 100g classic,18
good day 100g original,18
good day 100g biscuit packet,18
good day 100g cookie pack,18
good day 100g nuts,18
good day 100g dry fruit,18
good day 100g badam,18
tiger biscuit 75g,19
tiger 75 g biscuit,19
britannia tiger 75g,19
tiger glucose 75g,19
tigr 75g biscuit,19
tiger energy 75g,19
tiger milk 75g,19
tiger iron 75g,19
tiger 75g pack,19
tiger 75g packet,19
tiger 75g wrapper,19
tiger 75g snack,19
tiger 75g sweet,19
tiger 75g treat,19
tiger 75g dessert,19
tiger 75g crunchy,19
tiger 75g crispy,19
tiger 75g yummy,19
tiger 75g delicious,19
tiger 75g kids,19
tiger 75g children,19
tiger 75g school,19
tiger 75g tiffin,19
tiger 75g share,19
tiger 75g single,19
tiger 75g individual,19
tiger 75g personal,19
tiger 75g small,19
tiger 75g mini,19
tiger 75g regular,19
tiger 75g standard,19
tiger 75g classic,19
tiger 75g original,19
tiger 75g britannia,19
tiger 75g glucose biscuit,19
tiger 75g energy biscuit,19
tiger 75g milk biscuit,19
tiger 75g iron biscuit,19
tiger 75g power,19
hide seek 82g,20
hide & seek 82 g,20
hide seek biscuit 82g,20
hide seek 82 gram,20
hide n seek 82g,20
hide and seek 82g,20
hide seek chocolate 82g,20
hide seek chips 82g,20
hide seek 82g pack,20
hide seek 82g packet,20
hide seek 82g wrapper,20
hide seek 82g snack,20
hide seek 82g sweet,20
hide seek 82g treat,20
hide seek 82g dessert,20
hide seek 82g crunchy,20
hide seek 82g crispy,20
hide seek 82g yummy,20
hide seek 82g delicious,20
hide seek 82g rich,20
hide seek 82g dark,20
hide seek 82g bourbon,20
hide seek 82g parle,20
hide seek 82g share,20
hide seek 82g family,20
hide seek 82g friends,20
hide seek 82g big,20
hide seek 82g large,20
hide seek 82g jumbo,20
hide seek 82g giant,20
hide seek 82g mega,20
hide seek 82g regular,20
hide seek 82g standard,20
hide seek 82g classic,20
hide seek 82g original,20
hide seek 82g biscuit packet,20
hide seek 82g cookie pack,20
hide seek 82g choco,20
hide seek 82g chip,20
parle g 80g,21
parle g biscuit 80 g,21
parle g 80 gram,21
parleg 80g,21
parle g 80gm,21
parle glucose 80g,21
parle g gold 80g,21
parle g original 80g,21
parle g 80g pack,21
parle g 80g packet,21
parle g 80g wrapper,21
parle g 80g snack,21
parle g 80g sweet,21
parle g 80g treat,21
parle g 80g dessert,21
parle g 80g crunchy,21
parle g 80g crispy,21
parle g 80g yummy,21
parle g 80g delicious,21
parle g 80g kids,21
parle g 80g children,21
parle g 80g school,21
parle g 80g tiffin,21
parle g 80g share,21
parle g 80g single,21
parle g 80g individual,21
parle g 80g personal,21
parle g 80g small,21
parle g 80g mini,21
parle g 80g regular,21
parle g 80g standard,21
parle g 80g classic,21
parle g 80g parle,21
parle g 80g glucose biscuit,21
parle g 80g milk biscuit,21
parle g 80g tea,21
parle g 80g chai,21
parle g 80g dip,21
parle g 80g india,21
maaza 250ml bottle,22
maaza 250 ml pet,22
maaza mango 250ml,22
maaza drink 250ml,22
maza 250ml bottle,22
maaza mango drink 250ml,22
maaza 250ml beverage,22
maaza 250ml juice,22
maaza 250ml nectar,22
maaza 250ml fruit,22
maaza 250ml refreshment,22
maaza 250ml single,22
maaza 250ml pack,22
maaza 250ml unit,22
maaza 250ml chilled,22
maaza 250ml new,22
maaza 250ml classic,22
maaza 250ml original,22
maaza 250ml sweet,22
maaza 250ml pulpy,22
maaza 250ml thick,22
maaza 250ml pet bottle,22
maaza 250ml plastic,22
maaza 250ml handy,22
maaza 250ml on the go,22
maaza 250ml travel,22
maaza 250ml mini,22
maaza 250ml pocket,22
maaza 250ml personal,22
maaza 250ml individual,22
maaza 0.25l bottle,22
maaza 250ml cold,22
maaza 250ml mango,22
maaza 250ml alphonso,22
maaza 250ml totapuri,22
maaza 250ml yellow,22
maaza 250ml summer,22
maaza 250ml tasty,22
maaza 250ml yummy,22
maaza 250ml delicious,22
real mango juice 1l,23
real mango 1 litre,23
real 1l mango juice,23
real mango juice 1000ml,23
real mango 1 liter,23
real fruit power mango 1l,23
real mango nectar 1l,23
real mango drink 1l,23
real mango beverage 1l,23
real mango 1l pack,23
real mango 1l packet,23
real mango 1l carton,23
real mango 1l box,23
real mango 1l tetra,23
real mango 1l brick,23
real mango 1l family,23
real mango 1l share,23
real mango 1l big,23
real mango 1l large,23
real mango 1l jumbo,23
real mango 1l giant,23
real mango 1l mega,23
real mango 1l regular,23
real mango 1l standard,23
real mango 1l classic,23
real mango 1l original,23
real mango 1l dabur,23
real mango 1l healthy,23
real mango 1l tasty,23
real mango 1l yummy,23
real mango 1l delicious,23
real mango 1l thick,23
real mango 1l pulpy,23
real mango 1l sweet,23
real mango 1l natural,23
real mango 1l fruit,23
real mango 1l vitamin,23
real mango 1l energy,23
real mango 1l breakfast,23
tropicana orange 1l,24
tropicana 1 litre orange,24
tropicana orange juice 1l,24
tropicana 1000ml orange,24
tropicana orng 1l,24
tropicana 100% orange 1l,24
tropicana orange nectar 1l,24
tropicana orange drink 1l,24
tropicana orange beverage 1l,24
tropicana orange 1l pack,24
tropicana orange 1l packet,24
tropicana orange 1l carton,24
tropicana orange 1l box,24
tropicana orange 1l tetra,24
tropicana orange 1l brick,24
tropicana orange 1l family,24
tropicana orange 1l share,24
tropicana orange 1l big,24
tropicana orange 1l large,24
tropicana orange 1l jumbo,24
tropicana orange 1l giant,24
tropicana orange 1l mega,24
tropicana orange 1l regular,24
tropicana orange 1l standard,24
tropicana orange 1l classic,24
tropicana orange 1l original,24
tropicana orange 1l pepsico,24
tropicana orange 1l healthy,24
tropicana orange 1l tasty,24
tropicana orange 1l yummy,24
tropicana orange 1l delicious,24
tropicana orange 1l citrus,24
tropicana orange 1l tangy,24
tropicana orange 1l sweet,24
tropicana orange 1l natural,24
tropicana orange 1l fruit,24
tropicana orange 1l vitamin,24
tropicana orange 1l energy,24
tropicana orange 1l breakfast,24
red bull 250ml can,25
redbull 250 ml can,25
red bull energy 250ml,25
red bull 250 ml tin,25
redbul 250ml can,25
red bull drink 250ml,25
red bull beverage 250ml,25
red bull soda 250ml,25
red bull soft drink 250ml,25
red bull carbonated 250ml,25
red bull refreshment 250ml,25
red bull single 250ml,25
red bull pack 250ml,25
red bull unit 250ml,25
red bull chilled 250ml,25
red bull new 250ml,25
red bull classic 250ml,25
red bull original 250ml,25
red bull sweet 250ml,25
red bull bubbly 250ml,25
red bull pop 250ml,25
red bull tin can 250ml,25
red bull metal 250ml,25
red bull handy 250ml,25
red bull on the go 250ml,25
red bull travel 250ml,25
red bull mini 250ml,25
red bull pocket 250ml,25
red bull personal 250ml,25
red bull individual 250ml,25
red bull 0.25l can,25
red bull fizz 250ml,25
red bull aerated 250ml,25
red bull cold 250ml,25
red bull wings 250ml,25
red bull power 250ml,25
red bull boost 250ml,25
red bull charge 250ml,25
red bull kick 250ml,25
monster energy 350ml,26
monster 350 ml can,26
monster drink 350ml,26
monster energy 350 ml,26
monstr 350ml,26
monster green 350ml,26
monster beverage 350ml,26
monster soda 350ml,26
monster soft drink 350ml,26
monster carbonated 350ml,26
monster refreshment 350ml,26
monster single 350ml,26
monster pack 350ml,26
monster unit 350ml,26
monster chilled 350ml,26
monster new 350ml,26
monster classic 350ml,26
monster original 350ml,26
monster sweet 350ml,26
monster bubbly 350ml,26
monster pop 350ml,26
monster tin can 350ml,26
monster metal 350ml,26
monster handy 350ml,26
monster on the go 350ml,26
monster travel 350ml,26
monster mini 350ml,26
monster pocket 350ml,26
monster personal 350ml,26
monster individual 350ml,26
monster 0.35l can,26
monster fizz 350ml,26
monster aerated 350ml,26
monster cold 350ml,26
monster beast 350ml,26
monster power 350ml,26
monster boost 350ml,26
monster charge 350ml,26
monster kick 350ml,26
gatorade 500ml bottle,27
gatorade 500 ml pet,27
gatorade drink 500ml,27
gatorade 0.5l bottle,27
gatorad 500ml,27
gatorade blue 500ml,27
gatorade red 500ml,27
gatorade orange 500ml,27
gatorade lemon 500ml,27
gatorade sports 500ml,27
gatorade energy 500ml,27
gatorade electrolyte 500ml,27
gatorade hydration 500ml,27
gatorade beverage 500ml,27
gatorade juice 500ml,27
gatorade water 500ml,27
gatorade refreshment 500ml,27
gatorade single 500ml,27
gatorade pack 500ml,27
gatorade unit 500ml,27
gatorade chilled 500ml,27
gatorade new 500ml,27
gatorade classic 500ml,27
gatorade original 500ml,27
gatorade sweet 500ml,27
gatorade pet bottle 500ml,27
gatorade plastic 500ml,27
gatorade handy 500ml,27
gatorade on the go 500ml,27
gatorade travel 500ml,27
gatorade mini 500ml,27
gatorade pocket 500ml,27
gatorade personal 500ml,27
gatorade individual 500ml,27
gatorade 0.5l pet,27
gatorade cold 500ml,27
gatorade thirst 500ml,27
gatorade quench 500ml,27
gatorade workout 500ml,27
bisleri water 1l,28
bisleri 1 litre water,28
bisleri 1000ml bottle,28
bisleri mineral 1l,28
bisleri 1 liter,28
bisleri water bottle 1l,28
bisleri mineral water 1l,28
bisleri packaged water 1l,28
bisleri drinking water 1l,28
bisleri pure water 1l,28
bisleri safe water 1l,28
bisleri 1l pet,28
bisleri 1l plastic,28
bisleri 1l bottle,28
bisleri 1l pack,28
bisleri 1l unit,28
bisleri 1l chilled,28
bisleri 1l new,28
bisleri 1l classic,28
bisleri 1l original,28
bisleri 1l regular,28
bisleri 1l standard,28
bisleri 1l family,28
bisleri 1l share,28
bisleri 1l big,28
bisleri 1l large,28
bisleri 1l jumbo,28
bisleri 1l giant,28
bisleri 1l mega,28
bisleri 1l home,28
bisleri 1l office,28
bisleri 1l travel,28
bisleri 1l handy,28
bisleri 1l on the go,28
bisleri 1l personal,28
bisleri 1l individual,28
bisleri 1l hydration,28
bisleri 1l thirst,28
bisleri 1l quench,28
aquafina 1l bottle,29
aquafina 1 litre,29
aquafina water 1000ml,29
aquafina mineral 1l,29
aquafina 1 liter bottle,29
aquafina water bottle 1l,29
aquafina mineral water 1l,29
aquafina packaged water 1l,29
aquafina drinking water 1l,29
aquafina pure water 1l,29
aquafina safe water 1l,29
aquafina 1l pet,29
aquafina 1l plastic,29
aquafina 1l bottle,29
aquafina 1l pack,29
aquafina 1l unit,29
aquafina 1l chilled,29
aquafina 1l new,29
aquafina 1l classic,29
aquafina 1l original,29
aquafina 1l regular,29
aquafina 1l standard,29
aquafina 1l family,29
aquafina 1l share,29
aquafina 1l big,29
aquafina 1l large,29
aquafina 1l jumbo,29
aquafina 1l giant,29
aquafina 1l mega,29
aquafina 1l home,29
aquafina 1l office,29
aquafina 1l travel,29
aquafina 1l handy,29
aquafina 1l on the go,29
aquafina 1l personal,29
aquafina 1l individual,29
aquafina 1l hydration,29
aquafina 1l thirst,29
aquafina 1l quench,29
nestle milk 500ml,30
nestle 500 ml milk,30
nestle toned milk 500ml,30
nestle milk 0.5l,30
nestle mlk 500ml,30
nestle a+ milk 500ml,30
nestle slim milk 500ml,30
nestle fresh milk 500ml,30
nestle pure milk 500ml,30
nestle dairy milk 500ml,30
nestle 500ml carton,30
nestle 500ml pack,30
nestle 500ml packet,30
nestle 500ml box,30
nestle 500ml tetra,30
nestle 500ml brick,30
nestle 500ml family,30
nestle 500ml share,30
nestle 500ml big,30
nestle 500ml large,30
nestle 500ml regular,30
nestle 500ml standard,30
nestle 500ml classic,30
nestle 500ml original,30
nestle 500ml healthy,30
nestle 500ml nutritious,30
nestle 500ml calcium,30
nestle 500ml protein,30
nestle 500ml energy,30
nestle 500ml breakfast,30
nestle 500ml morning,30
nestle 500ml tea,30
nestle 500ml coffee,30
nestle 500ml cereal,30
nestle 500ml cooking,30
nestle 500ml baking,30
nestle 500ml kitchen,30
nestle 500ml home,30
nestle 500ml daily,30
amul butter 100g,31
amul 100 g butter,31
amul butter 100 gram,31
amul salted butter 100g,31
amul buttr 100g,31
amul pasteurized butter 100g,31
amul table butter 100g,31
amul yellow butter 100g,31
amul butter chiplet 100g,31
amul butter pack 100g,31
amul butter packet 100g,31
amul butter carton 100g,31
amul butter box 100g,31
amul butter brick 100g,31
amul butter slab 100g,31
amul butter block 100g,31
amul butter small 100g,31
amul butter mini 100g,31
amul butter regular 100g,31
amul butter standard 100g,31
amul butter classic 100g,31
amul butter original 100g,31
amul butter tasty 100g,31
amul butter yummy 100g,31
amul butter delicious 100g,31
amul butter creamy 100g,31
amul butter rich 100g,31
amul butter smooth 100g,31
amul butter spread 100g,31
amul butter toast 100g,31
amul butter bread 100g,31
amul butter cooking 100g,31
amul butter baking 100g,31
amul butter kitchen 100g,31
amul butter home 100g,31
amul butter daily 100g,31
amul butter breakfast 100g,31
amul butter morning 100g,31
amul butter amul 100g,31
amul cheese slice 200g,32
amul 200 g cheese slice,32
amul cheese 200 gram,32
amul cheese slices 200g,32
amul chese 200g,32
amul processed cheese 200g,32
amul cheddar cheese 200g,32
amul plain cheese 200g,32
amul cheese pack 200g,32
amul cheese packet 200g,32
amul cheese carton 200g,32
amul cheese box 200g,32
amul cheese slices pack 200g,32
amul cheese 10 slices 200g,32
amul cheese regular 200g,32
amul cheese standard 200g,32
amul cheese classic 200g,32
amul cheese original 200g,32
amul cheese tasty 200g,32
amul cheese yummy 200g,32
amul cheese delicious 200g,32
amul cheese creamy 200g,32
amul cheese rich 200g,32
amul cheese smooth 200g,32
amul cheese melt 200g,32
amul cheese sandwich 200g,32
amul cheese burger 200g,32
amul cheese pizza 200g,32
amul cheese cooking 200g,32
amul cheese baking 200g,32
amul cheese kitchen 200g,32
amul cheese home 200g,32
amul cheese daily 200g,32
amul cheese breakfast 200g,32
amul cheese morning 200g,32
amul cheese snack 200g,32
amul cheese kids 200g,32
amul cheese family 200g,32
amul cheese amul 200g,32
britannia bread 400g,33
britannia 400 g bread,33
britannia white bread 400g,33
britannia bread 400 gram,33
britania bread 400g,33
britannia sandwich bread 400g,33
britannia milk bread 400g,33
britannia sweet bread 400g,33
britannia plain bread 400g,33
britannia fresh bread 400g,33
britannia soft bread 400g,33
britannia fluffy bread 400g,33
britannia bread pack 400g,33
britannia bread packet 400g,33
britannia bread loaf 400g,33
britannia bread slices 400g,33
britannia bread small 400g,33
britannia bread mini 400g,33
britannia bread regular 400g,33
britannia bread standard 400g,33
britannia bread classic 400g,33
britannia bread original 400g,33
britannia bread tasty 400g,33
britannia bread yummy 400g,33
britannia bread delicious 400g,33
britannia bread breakfast 400g,33
britannia bread morning 400g,33
britannia bread toast 400g,33
britannia bread sandwich 400g,33
britannia bread butter 400g,33
britannia bread jam 400g,33
britannia bread tea 400g,33
britannia bread coffee 400g,33
britannia bread milk 400g,33
britannia bread kids 400g,33
britannia bread family 400g,33
britannia bread home 400g,33
britannia bread daily 400g,33
britannia bread britannia 400g,33
brown bread 400g,34
brown 400 g bread,34
whole wheat bread 400g,34
brown bread 400 gram,34
brown brd 400g,34
brown sandwich bread 400g,34
brown milk bread 400g,34
brown sweet bread 400g,34
brown plain bread 400g,34
brown fresh bread 400g,34
brown soft bread 400g,34
brown fluffy bread 400g,34
brown bread pack 400g,34
brown bread packet 400g,34
brown bread loaf 400g,34
brown bread slices 400g,34
brown bread small 400g,34
brown bread mini 400g,34
brown bread regular 400g,34
brown bread standard 400g,34
brown bread classic 400g,34
brown bread original 400g,34
brown bread healthy 400g,34
brown bread nutritious 400g,34
brown bread fiber 400g,34
brown bread diet 400g,34
brown bread weight loss 400g,34
brown bread breakfast 400g,34
brown bread morning 400g,34
brown bread toast 400g,34
brown bread sandwich 400g,34
brown bread butter 400g,34
brown bread jam 400g,34
brown bread tea 400g,34
brown bread coffee 400g,34
brown bread milk 400g,34
brown bread family 400g,34
brown bread home 400g,34
brown bread daily 400g,34
egg tray 30 pcs,35
30 piece egg tray,35
egg 30 pieces,35
30 eggs pack,35
egg tray 30pc,35
egg crate 30 pcs,35
egg carton 30 pcs,35
egg box 30 pcs,35
egg pack 30 pcs,35
egg packet 30 pcs,35
eggs fresh 30 pcs,35
eggs white 30 pcs,35
eggs poultry 30 pcs,35
eggs farm 30 pcs,35
eggs regular 30 pcs,35
eggs standard 30 pcs,35
eggs classic 30 pcs,35
eggs original 30 pcs,35
eggs large 30 pcs,35
eggs big 30 pcs,35
eggs jumbo 30 pcs,35
eggs family 30 pcs,35
eggs share 30 pcs,35
eggs home 30 pcs,35
eggs kitchen 30 pcs,35
eggs cooking 30 pcs,35
eggs baking 30 pcs,35
eggs breakfast 30 pcs,35
eggs morning 30 pcs,35
eggs protein 30 pcs,35
eggs healthy 30 pcs,35
eggs nutritious 30 pcs,35
eggs energy 30 pcs,35
eggs boiled 30 pcs,35
eggs fried 30 pcs,35
eggs omelet 30 pcs,35
eggs scramble 30 pcs,35
eggs curry 30 pcs,35
eggs tray 30,35
basmati rice 1kg,36
basmati 1 kg rice,36
basmati rice 1000g,36
basmati 1 kilogram,36
basmti 1kg rice,36
basmati long grain 1kg,36
basmati premium 1kg,36
basmati royal 1kg,36
basmati classic 1kg,36
basmati original 1kg,36
basmati pure 1kg,36
basmati aromatic 1kg,36
basmati fragrant 1kg,36
basmati white 1kg,36
basmati polished 1kg,36
basmati rice pack 1kg,36
basmati rice packet 1kg,36
basmati rice bag 1kg,36
basmati rice pouch 1kg,36
basmati rice sack 1kg,36
basmati rice small 1kg,36
basmati rice regular 1kg,36
basmati rice standard 1kg,36
basmati rice family 1kg,36
basmati rice home 1kg,36
basmati rice kitchen 1kg,36
basmati rice cooking 1kg,36
basmati rice biryani 1kg,36
basmati rice pulao 1kg,36
basmati rice fried rice 1kg,36
basmati rice indian 1kg,36
basmati rice tasty 1kg,36
basmati rice yummy 1kg,36
basmati rice delicious 1kg,36
basmati rice rich 1kg,36
basmati rice quality 1kg,36
basmati rice best 1kg,36
basmati rice top 1kg,36
basmati rice brand 1kg,36
sona masoori rice 1kg,37
sona masoori 1 kg,37
sona rice 1000g,37
sona masoori 1 kilogram,37
sona masuri 1kg,37
sona masoori raw 1kg,37
sona masoori steam 1kg,37
sona masoori boiled 1kg,37
sona masoori white 1kg,37
sona masoori polished 1kg,37
sona masoori rice pack 1kg,37
sona masoori rice packet 1kg,37
sona masoori rice bag 1kg,37
sona masoori rice pouch 1kg,37
sona masoori rice sack 1kg,37
sona masoori rice small 1kg,37
sona masoori rice regular 1kg,37
sona masoori rice standard 1kg,37
sona masoori rice family 1kg,37
sona masoori rice home 1kg,37
sona masoori rice kitchen 1kg,37
sona masoori rice cooking 1kg,37
sona masoori rice daily 1kg,37
sona masoori rice meal 1kg,37
sona masoori rice lunch 1kg,37
sona masoori rice dinner 1kg,37
sona masoori rice south indian 1kg,37
sona masoori rice healthy 1kg,37
sona masoori rice nutritious 1kg,37
sona masoori rice light 1kg,37
sona masoori rice easy 1kg,37
sona masoori rice tasty 1kg,37
sona masoori rice yummy 1kg,37
sona masoori rice delicious 1kg,37
sona masoori rice quality 1kg,37
sona masoori rice best 1kg,37
sona masoori rice top 1kg,37
sona masoori rice brand 1kg,37
toor dal 1kg,38
toor dal 1000g,38
arhar dal 1 kg,38
toor 1 kilogram dal,38
tur dal 1kg,38
toor dal split 1kg,38
toor dal yellow 1kg,38
toor dal polished 1kg,38
toor dal unpolished 1kg,38
toor dal premium 1kg,38
toor dal pack 1kg,38
toor dal packet 1kg,38
toor dal bag 1kg,38
toor dal pouch 1kg,38
toor dal sack 1kg,38
toor dal small 1kg,38
toor dal regular 1kg,38
toor dal standard 1kg,38
toor dal family 1kg,38
toor dal home 1kg,38
toor dal kitchen 1kg,38
toor dal cooking 1kg,38
toor dal daily 1kg,38
toor dal meal 1kg,38
toor dal lunch 1kg,38
toor dal dinner 1kg,38
toor dal indian 1kg,38
toor dal sambar 1kg,38
toor dal rasam 1kg,38
toor dal dal fry 1kg,38
toor dal tadka 1kg,38
toor dal protein 1kg,38
toor dal healthy 1kg,38
toor dal nutritious 1kg,38
toor dal tasty 1kg,38
toor dal yummy 1kg,38
toor dal delicious 1kg,38
toor dal quality 1kg,38
toor dal best 1kg,38
moong dal 1kg,39
moong 1 kg dal,39
moong dal 1000g,39
green gram 1kg,39
mung dal 1kg,39
moong dal split 1kg,39
moong dal yellow 1kg,39
moong dal polished 1kg,39
moong dal unpolished 1kg,39
moong dal premium 1kg,39
moong dal pack 1kg,39
moong dal packet 1kg,39
moong dal bag 1kg,39
moong dal pouch 1kg,39
moong dal sack 1kg,39
moong dal small 1kg,39
moong dal regular 1kg,39
moong dal standard 1kg,39
moong dal family 1kg,39
moong dal home 1kg,39
moong dal kitchen 1kg,39
moong dal cooking 1kg,39
moong dal daily 1kg,39
moong dal meal 1kg,39
moong dal lunch 1kg,39
moong dal dinner 1kg,39
moong dal indian 1kg,39
moong dal khichdi 1kg,39
moong dal halwa 1kg,39
moong dal soup 1kg,39
moong dal salad 1kg,39
moong dal protein 1kg,39
moong dal healthy 1kg,39
moong dal nutritious 1kg,39
moong dal light 1kg,39
moong dal easy 1kg,39
moong dal tasty 1kg,39
moong dal yummy 1kg,39
moong dal delicious 1kg,39
chana dal 1kg,40
chana 1 kg dal,40
chana dal 1000g,40
split chana 1kg,40
chna dal 1kg,40
chana dal split 1kg,40
chana dal yellow 1kg,40
chana dal polished 1kg,40
chana dal unpolished 1kg,40
chana dal premium 1kg,40
chana dal pack 1kg,40
chana dal packet 1kg,40
chana dal bag 1kg,40
chana dal pouch 1kg,40
chana dal sack 1kg,40
chana dal small 1kg,40
chana dal regular 1kg,40
chana dal standard 1kg,40
chana dal family 1kg,40
chana dal home 1kg,40
chana dal kitchen 1kg,40
chana dal cooking 1kg,40
chana dal daily 1kg,40
chana dal meal 1kg,40
chana dal lunch 1kg,40
chana dal dinner 1kg,40
chana dal indian 1kg,40
chana dal besan 1kg,40
chana dal vada 1kg,40
chana dal curry 1kg,40
chana dal sweets 1kg,40
chana dal protein 1kg,40
chana dal healthy 1kg,40
chana dal nutritious 1kg,40
chana dal tasty 1kg,40
chana dal yummy 1kg,40
chana dal delicious 1kg,40
chana dal quality 1kg,40
chana dal best 1kg,40
atta 5kg pack,41
wheat atta 5 kg,41
atta 5000g pack,41
whole wheat 5kg atta,41
atta 5 kilogram,41
atta flour 5kg,41
atta wheat flour 5kg,41
atta chakki fresh 5kg,41
atta whole grain 5kg,41
atta premium 5kg,41
atta pack 5kg,41
atta packet 5kg,41
atta bag 5kg,41
atta pouch 5kg,41
atta sack 5kg,41
atta small 5kg,41
atta regular 5kg,41
atta standard 5kg,41
atta family 5kg,41
atta home 5kg,41
atta kitchen 5kg,41
atta cooking 5kg,41
atta daily 5kg,41
atta meal 5kg,41
atta roti 5kg,41
atta chapati 5kg,41
atta paratha 5kg,41
atta bread 5kg,41
atta baking 5kg,41
atta healthy 5kg,41
atta nutritious 5kg,41
atta fiber 5kg,41
atta digestion 5kg,41
atta soft 5kg,41
atta fluffy 5kg,41
atta tasty 5kg,41
atta yummy 5kg,41
atta delicious 5kg,41
atta quality 5kg,41
maida 1kg,42
maida 1000g,42
refined flour 1 kg,42
maida 1 kilogram,42
meida 1kg,42
maida flour 1kg,42
maida wheat flour 1kg,42
maida all purpose 1kg,42
maida white 1kg,42
maida premium 1kg,42
maida pack 1kg,42
maida packet 1kg,42
maida bag 1kg,42
maida pouch 1kg,42
maida sack 1kg,42
maida small 1kg,42
maida regular 1kg,42
maida standard 1kg,42
maida family 1kg,42
maida home 1kg,42
maida kitchen 1kg,42
maida cooking 1kg,42
maida baking 1kg,42
maida cake 1kg,42
maida pastry 1kg,42
maida cookies 1kg,42
maida bread 1kg,42
maida pizza 1kg,42
maida naan 1kg,42
maida snacks 1kg,42
maida samosa 1kg,42
maida sweets 1kg,42
maida tasty 1kg,42
maida yummy 1kg,42
maida delicious 1kg,42
maida quality 1kg,42
maida best 1kg,42
maida top 1kg,42
maida brand 1kg,42
sugar 1kg,43
sugar 1000g,43
white sugar 1 kg,43
sugar 1 kilogram,43
sgr 1kg,43
sugar crystal 1kg,43
sugar refined 1kg,43
sugar granulated 1kg,43
sugar pure 1kg,43
sugar premium 1kg,43
sugar pack 1kg,43
sugar packet 1kg,43
sugar bag 1kg,43
sugar pouch 1kg,43
sugar sack 1kg,43
sugar small 1kg,43
sugar regular 1kg,43
sugar standard 1kg,43
sugar family 1kg,43
sugar home 1kg,43
sugar kitchen 1kg,43
sugar cooking 1kg,43
sugar baking 1kg,43
sugar sweet 1kg,43
sugar tea 1kg,43
sugar coffee 1kg,43
sugar milk 1kg,43
sugar dessert 1kg,43
sugar cake 1kg,43
sugar cookies 1kg,43
sugar sweets 1kg,43
sugar tasty 1kg,43
sugar yummy 1kg,43
sugar delicious 1kg,43
sugar quality 1kg,43
sugar best 1kg,43
sugar top 1kg,43
sugar brand 1kg,43
sugar white 1kg,43
salt 1kg,44
salt 1000g pack,44
iodized salt 1 kg,44
table salt 1kg,44
slt 1kg,44
salt crystal 1kg,44
salt refined 1kg,44
salt powder 1kg,44
salt pure 1kg,44
salt premium 1kg,44
salt pack 1kg,44
salt packet 1kg,44
salt bag 1kg,44
salt pouch 1kg,44
salt sack 1kg,44
salt small 1kg,44
salt regular 1kg,44
salt standard 1kg,44
salt family 1kg,44
salt home 1kg,44
salt kitchen 1kg,44
salt cooking 1kg,44
salt baking 1kg,44
salt seasoning 1kg,44
salt flavor 1kg,44
salt taste 1kg,44
salt savory 1kg,44
salt health 1kg,44
salt iodine 1kg,44
salt tata 1kg,44
salt aashirvaad 1kg,44
salt catch 1kg,44
salt quality 1kg,44
salt best 1kg,44
salt top 1kg,44
salt brand 1kg,44
salt white 1kg,44
salt free flow 1kg,44
sunflower oil 1l,45
sunflower 1 litre oil,45
sunflower oil 1000ml,45
sunflower 1 liter,45
sunflwr oil 1l,45
sunflower refined oil 1l,45
sunflower cooking oil 1l,45
sunflower edible oil 1l,45
sunflower pure oil 1l,45
sunflower premium oil 1l,45
sunflower oil pack 1l,45
sunflower oil packet 1l,45
sunflower oil pouch 1l,45
sunflower oil bottle 1l,45
sunflower oil jar 1l,45
sunflower oil can 1l,45
sunflower oil regular 1l,45
sunflower oil standard 1l,45
sunflower oil family 1l,45
sunflower oil home 1l,45
sunflower oil kitchen 1l,45
sunflower oil cooking 1l,45
sunflower oil frying 1l,45
sunflower oil healthy 1l,45
sunflower oil light 1l,45
sunflower oil heart 1l,45
sunflower oil cholesterol 1l,45
sunflower oil tasty 1l,45
sunflower oil yummy 1l,45
sunflower oil delicious 1l,45
sunflower oil quality 1l,45
sunflower oil best 1l,45
sunflower oil top 1l,45
sunflower oil brand 1l,45
sunflower oil fortune 1l,45
sunflower oil sundrop 1l,45
sunflower oil freedom 1l,45
sunflower oil gold winner 1l,45
mustard oil 1l,46
mustard 1 litre oil,46
mustard oil 1000ml,46
sarson oil 1l,46
musturd oil 1l,46
mustard refined oil 1l,46
mustard cooking oil 1l,46
mustard edible oil 1l,46
mustard pure oil 1l,46
mustard premium oil 1l,46
mustard oil pack 1l,46
mustard oil packet 1l,46
mustard oil pouch 1l,46
mustard oil bottle 1l,46
mustard oil jar 1l,46
mustard oil can 1l,46
mustard oil regular 1l,46
mustard oil standard 1l,46
mustard oil family 1l,46
mustard oil home 1l,46
mustard oil kitchen 1l,46
mustard oil cooking 1l,46
mustard oil frying 1l,46
mustard oil healthy 1l,46
mustard oil strong 1l,46
mustard oil pungent 1l,46
mustard oil flavor 1l,46
mustard oil tasty 1l,46
mustard oil yummy 1l,46
mustard oil delicious 1l,46
mustard oil quality 1l,46
mustard oil best 1l,46
mustard oil top 1l,46
mustard oil brand 1l,46
mustard oil fortune 1l,46
mustard oil dhara 1l,46
mustard oil patanjali 1l,46
mustard oil engine 1l,46
olive oil 500ml,47
olive 500 ml oil,47
olive oil 0.5l,47
extra virgin 500ml,47
oliv oil 500ml,47
olive oil extra virgin 500ml,47
olive oil pomace 500ml,47
olive oil pure 500ml,47
olive oil refined 500ml,47
olive oil cooking 500ml,47
olive oil pack 500ml,47
olive oil packet 500ml,47
olive oil bottle 500ml,47
olive oil jar 500ml,47
olive oil can 500ml,47
olive oil tin 500ml,47
olive oil regular 500ml,47
olive oil standard 500ml,47
olive oil family 500ml,47
olive oil home 500ml,47
olive oil kitchen 500ml,47
olive oil healthy 500ml,47
olive oil heart 500ml,47
olive oil cholesterol 500ml,47
olive oil salad 500ml,47
olive oil dressing 500ml,47
olive oil pasta 500ml,47
olive oil pizza 500ml,47
olive oil italian 500ml,47
olive oil tasty 500ml,47
olive oil yummy 500ml,47
olive oil delicious 500ml,47
olive oil quality 500ml,47
olive oil best 500ml,47
olive oil top 500ml,47
olive oil brand 500ml,47
olive oil figaro 500ml,47
olive oil borges 500ml,47
olive oil del monte 500ml,47
tomato ketchup 500g,48
ketchup 500 g bottle,48
tomato sauce 500g,48
ketchup 500 gram,48
tomato ketchp 500g,48
tomato ketchup bottle 500g,48
tomato ketchup pouch 500g,48
tomato ketchup pack 500g,48
tomato ketchup packet 500g,48
tomato ketchup glass 500g,48
tomato ketchup plastic 500g,48
tomato ketchup squeeze 500g,48
tomato ketchup regular 500g,48
tomato ketchup standard 500g,48
tomato ketchup classic 500g,48
tomato ketchup original 500g,48
tomato ketchup sweet 500g,48
tomato ketchup spicy 500g,48
tomato ketchup hot 500g,48
tomato ketchup tangy 500g,48
tomato ketchup rich 500g,48
tomato ketchup thick 500g,48
tomato ketchup red 500g,48
tomato ketchup fresh 500g,48
tomato ketchup tasty 500g,48
tomato ketchup yummy 500g,48
tomato ketchup delicious 500g,48
tomato ketchup snack 500g,48
tomato ketchup dip 500g,48
tomato ketchup samosa 500g,48
tomato ketchup fries 500g,48
tomato ketchup burger 500g,48
tomato ketchup pizza 500g,48
tomato ketchup sandwich 500g,48
tomato ketchup kissan 500g,48
tomato ketchup maggi 500g,48
tomato ketchup heinz 500g,48
tomato ketchup del monte 500g,48
tomato ketchup quality 500g,48
maggi noodles 70g,49
maggi 70 g noodles,49
maggi instant 70g,49
maggi 70 gram pack,49
mggi 70g noodles,49
maggi masala 70g,49
maggi chicken 70g,49
maggi veg 70g,49
maggi atta 70g,49
maggi oats 70g,49
maggi 2 minute 70g,49
maggi noodles pack 70g,49
maggi noodles packet 70g,49
maggi noodles wrapper 70g,49
maggi noodles snack 70g,49
maggi noodles meal 70g,49
maggi noodles breakfast 70g,49
maggi noodles lunch 70g,49
maggi noodles dinner 70g,49
maggi noodles tasty 70g,49
maggi noodles yummy 70g,49
maggi noodles delicious 70g,49
maggi noodles spicy 70g,49
maggi noodles hot 70g,49
maggi noodles kids 70g,49
maggi noodles children 70g,49
maggi noodles hostel 70g,49
maggi noodles college 70g,49
maggi noodles single 70g,49
maggi noodles individual 70g,49
maggi noodles small 70g,49
maggi noodles regular 70g,49
maggi noodles standard 70g,49
maggi noodles classic 70g,49
maggi noodles original 70g,49
maggi noodles nestle 70g,49
maggi noodles quality 70g,49
maggi noodles best 70g,49
maggi noodles top 70g,49
yippee noodles 65g,50
yippee 65 g pack,50
yippee instant 65g,50
yippee 65 gram,50
yipee 65g noodles,50
yippee masala 65g,50
yippee mood masala 65g,50
yippee magic masala 65g,50
yippee power up 65g,50
yippee tricolor 65g,50
yippee noodles pack 65g,50
yippee noodles packet 65g,50
yippee noodles wrapper 65g,50
yippee noodles snack 65g,50
yippee noodles meal 65g,50
yippee noodles breakfast 65g,50
yippee noodles lunch 65g,50
yippee noodles dinner 65g,50
yippee noodles tasty 65g,50
yippee noodles yummy 65g,50
yippee noodles delicious 65g,50
yippee noodles spicy 65g,50
yippee noodles hot 65g,50
yippee noodles long 65g,50
yippee noodles non sticky 65g,50
yippee noodles kids 65g,50
yippee noodles children 65g,50
yippee noodles single 65g,50
yippee noodles individual 65g,50
yippee noodles small 65g,50
yippee noodles regular 65g,50
yippee noodles standard 65g,50
yippee noodles classic 65g,50
yippee noodles original 65g,50
yippee noodles sunfeast 65g,50
yippee noodles itc 65g,50
yippee noodles quality 65g,50
yippee noodles best 65g,50
yippee noodles top 65g,50